id,inner_length_mm,middle_length_mm,outer_length_mm,middle_curved_mm,outer_curved_mm,middle_curvature_per_m,outer_curvature_per_m,screen_score
t000,350.0,170.0,80.0,90.0,65.0,19.12,14.04,0.0
t001,348.16,181.98,92.14,95.02,65.91,22.03,13.98,0.5258385647545634
t002,349.1179,173.5238,83.6941,89.9052,65.0144,19.9058,13.9146,0.14928656265530205
t003,348.2358,177.0475,87.3883,89.8103,65.0288,20.6915,13.7892,0.3342314369632554
t004,347.3536,180.5713,91.0824,89.7155,65.0433,21.4773,13.6638,0.5028390936604161
t005,346.4715,184.0951,94.7765,89.6206,65.0577,22.263,13.5384,0.4213614384431158
t006,349.54,172.995,83.035,91.255,65.2275,19.8475,14.025,0.0820141350121798
t007,349.08,175.99,86.07,92.51,65.455,20.575,14.01,0.19370654333885395
t008,348.62,178.985,89.105,93.765,65.6825,21.3025,13.995,0.4438670856996144
t009,349.9472,172.3373,82.9198,88.0282,66.9725,19.4345,13.8662,0.10233088493586606
t010,349.8945,174.6745,85.8396,86.0565,68.9449,19.749,13.6924,0.2222611135181909
t011,349.8417,177.0118,88.7594,84.0847,70.9174,20.0635,13.5185,0.3019756605061349
t012,349.789,179.3491,91.6792,82.1129,72.8898,20.378,13.3447,0.4549263862308234
t013,350.0,172.5,82.5,90.0,65.0,20.12,14.165,0.04716290582298688
t014,350.0,175.0,85.0,90.0,65.0,21.12,14.29,0.17238386928485128
t015,350.0,177.5,87.5,90.0,65.0,22.12,14.415,0.2937499155986396
t016,350.0,180.0,90.0,90.0,65.0,23.12,14.54,0.3322125704318264
t017,350.0,172.5,82.5,90.0,65.0,19.62,13.915,0.0908593462139412
t018,350.0,175.0,85.0,90.0,65.0,20.12,13.79,0.14744633749834168
t019,350.0,177.5,87.5,90.0,65.0,20.62,13.665,0.30457476946311235
t020,350.0,180.0,90.0,90.0,65.0,21.12,13.54,0.3932927072424389
t021,349.4714,172.4837,82.4958,89.9305,66.8402,20.2168,14.2189,0.0877136759939221
t022,348.9428,174.9674,84.9916,89.8609,68.6803,21.3136,14.3978,0.1876042572765273
t023,348.4142,177.4512,87.4875,89.7914,70.5205,22.4104,14.5767,0.305860826728205
t024,347.8856,179.9349,89.9833,89.7219,72.3607,23.5072,14.7557,0.3374735745527794
t025,350.0,172.5,82.5,90.0,65.0,19.87,14.04,0.0984367439190722
t026,350.0,175.0,85.0,90.0,65.0,20.62,14.04,0.14409063280035506
t027,350.0,177.5,87.5,90.0,65.0,21.37,14.04,0.31312640401604597
t028,350.0,180.0,90.0,90.0,65.0,22.12,14.04,0.3596658931408454
t029,350.0,172.5,82.5,90.0,65.0,20.245,14.29,0.057446516994236085
t030,350.0,175.0,85.0,90.0,65.0,21.37,14.54,0.1585539067356142
t031,350.0,177.5,87.5,90.0,65.0,22.495,14.79,0.2667904867698918
t032,350.0,180.0,90.0,90.0,65.0,23.62,15.04,0.3657342739042724
t033,350.0,172.5,82.5,90.0,65.0,19.745,13.915,0.11530412814968372
t034,350.0,175.0,85.0,90.0,65.0,20.37,13.79,0.17437437322359073
t035,350.0,177.5,87.5,90.0,65.0,20.995,13.665,0.3511431394960095
t036,350.0,180.0,90.0,90.0,65.0,21.62,13.54,0.30193134220399165
t037,349.0126,172.848,82.2249,90.767,65.9655,19.5665,14.0622,0.11411225019508753
t038,348.0253,175.6959,84.4497,91.5341,66.931,20.0131,14.0845,0.16724736359101156
t039,347.0379,178.5439,86.6746,92.3011,67.8965,20.4596,14.1067,0.321633057196675
t040,346.0505,181.3918,88.8995,93.0682,68.8619,20.9062,14.129,0.46414110495393923
t041,349.3214,172.146,83.1066,89.1981,66.0293,20.1372,14.3208,0.12135677734004979
t042,348.6427,174.292,86.2132,88.3963,67.0586,21.1544,14.6016,0.2584435681251078
t043,347.9641,176.438,89.3198,87.5944,68.0879,22.1716,14.8823,0.3146087207099728
t044,347.2855,178.584,92.4264,86.7926,69.1172,23.1889,15.1631,0.417565497183362
t045,350.0,172.5,82.5,90.0,65.0,19.495,14.04,0.04986911928910509
t046,350.0,175.0,85.0,90.0,65.0,19.87,14.04,0.13815635097286127
t047,350.0,177.5,87.5,90.0,65.0,20.245,14.04,0.2815184190898161
t048,350.0,180.0,90.0,90.0,65.0,20.62,14.04,0.38037323808483003
t049,353.687,179.1886,82.7149,81.0517,60.1766,19.4168,11.2099,-1.0300525997682914
t050,346.6653,170.9926,89.5809,55.5581,48.6187,23.6907,14.9526,-0.8821217821181706
t051,348.4038,176.9634,85.0014,83.242,53.3022,22.2994,13.383,-0.6939439317957439
t052,351.4014,173.2649,87.4643,70.8645,67.9878,21.4712,15.6404,-0.07356262405365654
t053,350.1813,177.6783,91.2202,63.7759,66.3867,18.1855,12.5072,-0.11099463438021784
t054,349.3908,175.386,81.2575,89.2695,54.8241,24.2624,16.2529,0.01520587049074218
t055,345.5429,181.4036,88.8136,61.5866,47.0098,22.5977,12.0567,-1.084250764057615
t056,354.7325,171.6139,83.4474,73.964,61.6941,20.0759,14.3112,-0.1238560568816327
t057,353.7846,176.1151,87.7352,85.9706,50.764,20.9434,13.1574,-0.5032019051070392
t058,345.7862,173.9082,83.7755,67.048,58.0261,21.7301,16.9149,0.08952830757654417
t059,349.1264,179.8906,91.5483,75.0434,68.968,23.3945,12.1562,-0.5922892056529663
t060,351.1478,170.1796,80.1791,60.4699,52.3274,19.0535,14.3989,-0.4647816120520679
t061,352.2714,180.7694,85.4235,58.86,56.97,20.5904,11.4855,-1.187082972061268
t062,348.0821,172.4646,86.2925,77.7827,64.2338,23.1802,15.2399,0.12859536020109819
t063,347.0075,178.4939,81.5431,69.7863,62.6734,24.5711,13.8578,-0.8327173115796014
t064,352.7989,174.6932,90.003,84.3598,46.0372,18.5364,16.1035,-0.7615508129623081
t065,352.8943,178.7849,84.2642,63.7326,67.4919,22.9618,14.8325,-0.10292136292334664
t066,347.4544,174.9809,88.2248,73.2216,53.6151,20.3713,11.0898,-1.1079582306516267
t067,347.6303,181.0571,80.4513,65.9044,48.9285,18.7548,15.8484,-0.06488324109591548
t068,352.1712,172.7556,91.821,88.5443,59.6838,24.7902,13.591,-0.9412561115223494
t069,350.6569,180.3423,86.5771,81.44,61.3843,21.5119,16.5136,-0.042411718605201654
t070,348.909,170.6346,85.7073,71.9509,47.5027,20.7242,12.7679,-0.9307031771277627
t071,345.9987,176.5702,90.4574,79.2669,55.3199,19.2718,14.1501,-0.17647034267409917
t072,354.2706,174.3599,81.9969,56.627,66.0738,23.6137,11.8956,-1.1617241572466965
t073,354.5542,181.8644,89.2854,68.6488,51.859,24.4808,16.8005,-0.06964226841793653
t074,345.013,172.0714,82.4185,84.7089,69.2533,18.4047,13.0431,-0.01915138076703171
t075,349.9158,178.1359,86.9987,57.7054,58.3145,19.8575,14.6128,-0.17995121820837723
t076,350.3547,175.8469,84.5353,78.1492,50.2924,22.3785,12.3701,-0.9741693127057374
t077,351.8092,177.2569,80.7795,76.5205,45.7489,23.909,15.4949,-0.09952614017762695
t078,348.5382,173.5616,90.7431,60.4603,63.145,19.636,11.7404,-1.010694532560658
t079,346.526,179.4855,83.1863,87.465,64.7023,21.2529,15.9365,0.16599321307531767
t080,353.2743,171.2862,88.553,67.0212,56.6847,22.0802,13.6908,-0.8609955542733294
t081,353.3703,176.8485,91.3838,56.8043,62.0437,22.5112,15.6905,-0.04595089761862381
t082,346.3483,173.1499,80.3435,80.1108,46.6486,19.9472,13.4479,-0.2529340341007459
t083,348.7119,179.1206,87.5707,72.1155,54.4651,18.276,14.8782,-0.24368597508921985
t084,351.7098,170.9246,83.9398,82.3051,66.7325,24.3943,11.121,-0.8993856029238144
t085,350.4885,181.5229,81.7075,88.2986,68.3461,21.9891,14.0142,0.10070523301882472
t086,349.6977,171.7332,89.8385,64.9923,52.9554,21.122,11.7686,-1.1600517822307992
t087,345.2247,177.7507,85.5879,72.9888,48.2696,19.7243,16.5724,-0.16862534012464092
t088,354.4146,175.4584,86.128,62.7991,60.5388,24.0363,12.8182,-0.9355815010447837
t089,354.0928,179.9571,85.1658,66.1047,46.4566,24.9059,14.6761,-0.8186838938894236
t090,346.0946,170.2462,87.2998,87.2151,62.2412,18.8546,12.4189,-0.6755575191978891
t091,348.8097,176.2286,82.8792,59.5311,63.7993,20.2528,16.6602,-0.17843762981816436
t092,350.8307,174.0216,89.4164,76.2918,57.3932,22.8584,12.9176,-0.8996402825694974
t093,351.9532,178.4201,88.6491,78.9973,52.7626,23.5123,15.9778,0.0919958204539737
t094,347.7642,174.6193,83.6118,57.887,68.5457,19.158,13.7235,-0.1642849435500353
t095,347.3147,180.6486,91.0558,85.5698,57.6062,20.8296,15.3413,0.28942174846595903
t096,353.1059,172.3439,81.4219,68.809,51.1953,21.6288,11.5958,-1.1940559392884742
t097,352.5858,181.1311,86.8336,74.1926,65.6782,18.9397,13.3278,-0.04687239704103352
t098,347.1462,172.8297,84.7005,62.5158,55.7271,23.2932,15.5704,0.1423866171970255
t099,347.9473,178.9058,89.1203,89.5194,47.9136,21.8471,11.329,-1.1287716808300008
t100,352.4879,175.1018,82.5837,64.6923,60.9863,21.0488,15.0862,-0.18456957192694656
t101,350.9748,176.5034,83.3515,70.7043,59.2738,18.6363,12.0293,-0.13879165156936846
t102,349.2272,174.2932,88.3879,82.381,49.327,24.6867,14.2748,-0.8281890420128539
t103,345.6917,180.2287,80.9447,55.3765,54.0098,23.0766,12.6571,-1.0239201720306583
t105,354.8712,178.0164,80.6165,83.4946,56.3113,21.3404,12.3046,-1.0765511699929036
t106,345.3297,175.7274,91.6558,69.6218,65.0886,22.2083,14.5618,-0.10960857492792742
t107,349.6073,181.7918,84.4294,76.9388,63.5275,23.8179,13.1315,-0.6746275679656721
t108,350.0466,171.9988,88.0597,58.6828,45.3778,19.5051,16.8741,-0.777385348678433
t109,351.5023,179.6006,90.2923,61.4035,49.909,20.1655,13.9784,-0.252769391911803
t110,348.2309,171.4013,82.1621,75.2762,58.685,22.7304,16.2327,0.07198853284594642
t111,346.844,177.325,86.412,67.9601,69.6277,24.1761,11.4288,-0.8709130526556715
t112,353.5925,173.6298,85.8724,86.2163,51.4732,18.0568,15.1743,-0.530247495700737
t113,350.0,170.0,80.0,90.0,65.0,19.745,14.2275,-0.011480807695663398
t114,350.0,170.0,80.0,90.0,65.0,19.745,13.915,0.030169029285268767
t115,350.0,170.0,80.0,90.0,65.0,20.495,13.915,0.005275521621886825
